Sample,Target,Methylation,Treatment
HCT116,ZNF549,0.945574,DMSO
HT-29,ZNF549,0.90205,DMSO
DLD1,ZNF549,0.967336,DMSO
SW480,ZNF549,0.72257,DMSO
SW48,ZNF549,0.980263,DMSO
LS174T,ZNF549,0.828947,DMSO
SK-CO1,ZNF549,0.605263,DMSO
Colo320,ZNF549,0.073529,DMSO
HCT116,STK33,0.039894,DMSO
HT-29,STK33,0.792488,DMSO
DLD1,STK33,0.931558,DMSO
SW480,STK33,0.259723,DMSO
SW48,STK33,0.951064,DMSO
LS174T,STK33,0.198276,DMSO
SK-CO1,STK33,0.437781,DMSO
Colo320,STK33,,DMSO
